 DateTime,Rain,PET,EPot,EAct,W,SM,RS,RI,ExcS,ExcI,R,RObs
2012- 7- 2  1: 0: 0,     0.004,     0.037,     0.037,     0.019,    66.453,     0.520,     0.005,     1.118,     0.000,     0.000,    27.546,     0.000
2012- 7- 2  2: 0: 0,     0.008,     0.037,     0.037,     0.019,    66.438,     0.520,     0.003,     1.097,     0.000,     0.000,    26.984,     0.000
2012- 7- 2  3: 0: 0,     0.000,     0.153,     0.153,     0.080,    66.358,     0.520,     0.002,     1.076,     0.000,     0.000,    26.505,     0.000
2012- 7- 2  4: 0: 0,     0.001,     0.153,     0.153,     0.079,    66.279,     0.519,     0.001,     1.055,     0.000,     0.000,    26.110,     0.000
2012- 7- 2  5: 0: 0,     0.561,     0.153,     0.153,     0.118,    66.592,     0.522,     0.005,     1.062,     0.008,     0.108,    25.801,     0.000
2012- 7- 2  6: 0: 0,     0.171,     0.245,     0.245,     0.131,    66.573,     0.521,     0.005,     1.049,     0.000,     0.028,    25.565,     0.000
2012- 7- 2  7: 0: 0,     0.036,     0.245,     0.245,     0.117,    66.464,     0.521,     0.005,     1.029,     0.000,     0.001,    25.426,     0.000
2012- 7- 2  8: 0: 0,     0.006,     0.245,     0.245,     0.125,    66.339,     0.520,     0.005,     1.008,     0.000,     0.000,    25.426,    10.400
2012- 7- 2  9: 0: 0,     0.029,     0.265,     0.265,     0.140,    66.218,     0.519,     0.005,     0.989,     0.000,     0.002,    25.561,    10.400
2012- 7- 2 10: 0: 0,     0.061,     0.265,     0.265,     0.143,    66.121,     0.518,     0.004,     0.971,     0.000,     0.008,    25.665,    10.400
2012- 7- 2 11: 0: 0,     0.024,     0.265,     0.265,     0.139,    65.997,     0.517,     0.003,     0.951,     0.000,     0.002,    25.668,    10.400
2012- 7- 2 12: 0: 0,     0.047,     0.079,     0.079,     0.040,    65.988,     0.517,     0.002,     0.933,     0.000,     0.007,    25.587,    13.000
2012- 7- 2 13: 0: 0,     0.350,     0.079,     0.079,     0.064,    66.198,     0.518,     0.002,     0.930,     0.000,     0.069,    25.470,    13.000
2012- 7- 2 14: 0: 0,     1.267,     0.079,     0.079,     0.068,    67.085,     0.526,     0.003,     0.986,     0.002,     0.302,    25.352,    13.000
2012- 7- 2 15: 0: 0,     0.541,     0.011,     0.011,     0.011,    67.480,     0.529,     0.003,     0.999,     0.001,     0.134,    25.240,    13.000
2012- 7- 2 16: 0: 0,     1.029,     0.011,     0.011,     0.011,    68.230,     0.535,     0.004,     1.046,     0.003,     0.267,    25.166,    13.000
2012- 7- 2 17: 0: 0,     0.693,     0.011,     0.011,     0.011,    68.730,     0.539,     0.005,     1.071,     0.002,     0.180,    25.153,    13.000
2012- 7- 2 18: 0: 0,     0.376,     0.004,     0.004,     0.004,    69.000,     0.541,     0.005,     1.076,     0.001,     0.100,    25.232,    13.000
2012- 7- 2 19: 0: 0,     0.193,     0.004,     0.004,     0.004,    69.138,     0.542,     0.005,     1.069,     0.000,     0.052,    25.331,    13.000
2012- 7- 2 20: 0: 0,     0.046,     0.004,     0.004,     0.004,    69.168,     0.542,     0.005,     1.052,     0.000,     0.012,    25.380,    13.000
2012- 7- 2 21: 0: 0,     0.000,     0.000,     0.000,     0.000,    69.168,     0.542,     0.004,     1.032,     0.000,     0.000,    25.348,    12.567
2012- 7- 2 22: 0: 0,     0.002,     0.000,     0.000,     0.000,    69.169,     0.542,     0.004,     1.012,     0.000,     0.000,    25.228,    12.133
2012- 7- 2 23: 0: 0,     0.000,     0.000,     0.000,     0.000,    69.169,     0.542,     0.003,     0.993,     0.000,     0.000,    24.995,    11.700
2012- 7- 3  0: 0: 0,     0.000,     0.036,     0.036,     0.020,    69.149,     0.542,     0.002,     0.973,     0.000,     0.000,    24.689,    11.267
2012- 7- 3  1: 0: 0,     0.036,     0.036,     0.036,     0.022,    69.155,     0.542,     0.002,     0.956,     0.000,     0.007,    24.343,    10.833
2012- 7- 3  2: 0: 0,     0.107,     0.036,     0.036,     0.023,    69.213,     0.543,     0.001,     0.943,     0.000,     0.025,    23.985,    10.400
2012- 7- 3  3: 0: 0,     0.068,     0.204,     0.204,     0.110,    69.144,     0.542,     0.001,     0.926,     0.000,     0.008,    23.634,    10.400
2012- 7- 3  4: 0: 0,     0.320,     0.204,     0.204,     0.123,    69.258,     0.543,     0.001,     0.925,     0.001,     0.073,    23.299,    10.400
2012- 7- 3  5: 0: 0,     0.142,     0.204,     0.204,     0.113,    69.240,     0.543,     0.001,     0.913,     0.000,     0.024,    22.985,    10.400
2012- 7- 3  6: 0: 0,     0.072,     0.545,     0.545,     0.266,    68.984,     0.541,     0.001,     0.895,     0.000,     0.001,    22.694,    10.400
2012- 7- 3  7: 0: 0,     0.004,     0.545,     0.545,     0.293,    68.691,     0.539,     0.001,     0.877,     0.000,     0.000,    22.423,    10.400
2012- 7- 3  8: 0: 0,     0.026,     0.545,     0.545,     0.279,    68.412,     0.536,     0.001,     0.859,     0.000,     0.000,    22.188,    10.400
2012- 7- 3  9: 0: 0,     0.003,     0.291,     0.291,     0.155,    68.257,     0.535,     0.001,     0.842,     0.000,     0.000,    21.971,    10.073
2012- 7- 3 10: 0: 0,     0.007,     0.291,     0.291,     0.152,    68.105,     0.534,     0.000,     0.824,     0.000,     0.000,    21.757,     9.747
2012- 7- 3 11: 0: 0,     0.003,     0.291,     0.291,     0.154,    67.951,     0.533,     0.000,     0.807,     0.000,     0.000,    21.545,     9.420
2012- 7- 3 12: 0: 0,     0.040,     0.073,     0.073,     0.036,    67.934,     0.533,     0.000,     0.790,     0.000,     0.002,    21.336,     9.093
2012- 7- 3 13: 0: 0,     0.818,     0.073,     0.073,     0.061,    68.488,     0.537,     0.002,     0.821,     0.003,     0.191,    21.252,     8.767
2012- 7- 3 14: 0: 0,     0.210,     0.073,     0.073,     0.055,    68.588,     0.538,     0.002,     0.815,     0.001,     0.042,    21.210,     8.440
2012- 7- 3 15: 0: 0,     0.140,     0.005,     0.005,     0.004,    68.687,     0.538,     0.002,     0.807,     0.000,     0.037,    21.193,     8.440
2012- 7- 3 16: 0: 0,     0.083,     0.005,     0.005,     0.004,    68.743,     0.539,     0.002,     0.796,     0.000,     0.022,    21.185,     8.440
2012- 7- 3 17: 0: 0,     0.097,     0.005,     0.005,     0.004,    68.813,     0.539,     0.002,     0.785,     0.000,     0.023,    21.151,     8.440
2012- 7- 3 18: 0: 0,     0.211,     0.002,     0.002,     0.002,    68.968,     0.541,     0.002,     0.782,     0.001,     0.053,    21.078,     8.440
2012- 7- 3 19: 0: 0,     0.031,     0.002,     0.002,     0.002,    68.989,     0.541,     0.002,     0.767,     0.000,     0.008,    20.963,     8.440
2012- 7- 3 20: 0: 0,     0.000,     0.002,     0.002,     0.001,    68.988,     0.541,     0.001,     0.751,     0.000,     0.000,    20.776,     8.440
2012- 7- 3 21: 0: 0,     0.001,     0.000,     0.000,     0.000,    68.988,     0.541,     0.001,     0.734,     0.000,     0.000,    20.541,     9.808
2012- 7- 3 22: 0: 0,     0.000,     0.000,     0.000,     0.000,    68.988,     0.541,     0.001,     0.718,     0.000,     0.000,    20.280,    11.177
2012- 7- 3 23: 0: 0,     0.013,     0.000,     0.000,     0.000,    68.998,     0.541,     0.001,     0.703,     0.000,     0.004,    20.050,    12.545
2012- 7- 4  0: 0: 0,     2.839,     0.011,     0.011,     0.011,    71.038,     0.557,     0.041,     0.867,     0.068,     0.720,    26.587,    13.913
2012- 7- 4  1: 0: 0,     1.613,     0.011,     0.011,     0.011,    72.166,     0.566,     0.045,     0.963,     0.020,     0.454,    27.330,    47.600
2012- 7- 4  2: 0: 0,     1.038,     0.011,     0.011,     0.010,    72.898,     0.572,     0.041,     1.017,     0.003,     0.292,    28.382,    80.075
2012- 7- 4  3: 0: 0,     3.560,     0.136,     0.136,     0.136,    75.326,     0.591,     0.108,     1.215,     0.123,     0.872,    28.468,   158.000
2012- 7- 4  4: 0: 0,     8.432,     0.136,     0.136,     0.136,    81.042,     0.635,     0.598,     1.634,     0.826,     1.755,    29.738,   164.000
2012- 7- 4  5: 0: 0,    20.950,     0.136,     0.136,     0.136,    93.837,     0.735,     3.973,     2.208,     5.636,     2.383,   152.546,   201.500
2012- 7- 4  6: 0: 0,    20.941,     0.032,     0.032,     0.032,   104.770,     0.820,     8.092,     2.864,     7.255,     2.720,   225.218,   382.571
2012- 7- 4  7: 0: 0,    12.651,     0.032,     0.032,     0.032,   110.326,     0.863,    10.212,     3.566,     4.140,     2.923,   316.117,   588.500
2012- 7- 4  8: 0: 0,     6.267,     0.032,     0.032,     0.032,   112.733,     0.881,    10.342,     4.216,     1.087,     2.740,   370.672,   646.000
2012- 7- 4  9: 0: 0,     3.675,     0.026,     0.026,     0.026,   114.083,     0.891,     9.937,     4.664,     0.341,     1.958,   485.644,   755.800
2012- 7- 4 10: 0: 0,     3.071,     0.026,     0.026,     0.026,   115.139,     0.899,     9.361,     5.015,     0.397,     1.592,   671.225,   879.750
2012- 7- 4 11: 0: 0,     2.863,     0.026,     0.026,     0.026,   116.128,     0.907,     8.323,     5.377,     0.187,     1.661,   820.229,   891.000
2012- 7- 4 12: 0: 0,     1.921,     0.025,     0.025,     0.025,   116.791,     0.912,     6.945,     5.608,     0.066,     1.167,   875.796,   948.800
2012- 7- 4 13: 0: 0,     2.044,     0.025,     0.025,     0.025,   117.449,     0.917,     5.449,     5.877,     0.028,     1.333,   828.758,   959.000
2012- 7- 4 14: 0: 0,     2.438,     0.025,     0.025,     0.025,   118.128,     0.922,     4.152,     6.193,     0.200,     1.534,   713.677,   891.000
2012- 7- 4 15: 0: 0,     1.660,     0.001,     0.001,     0.001,   118.590,     0.925,     2.999,     6.407,     0.072,     1.126,   571.540,   789.000
2012- 7- 4 16: 0: 0,     0.830,     0.001,     0.001,     0.001,   118.807,     0.927,     2.084,     6.488,     0.014,     0.598,   439.090,   588.000
2012- 7- 4 17: 0: 0,     0.071,     0.001,     0.001,     0.001,   118.830,     0.927,     1.411,     6.432,     0.000,     0.046,   330.888,   532.000
2012- 7- 4 18: 0: 0,     0.008,     0.000,     0.000,     0.000,   118.833,     0.927,     0.939,     6.367,     0.000,     0.005,   249.637,   472.000
2012- 7- 4 19: 0: 0,     0.008,     0.000,     0.000,     0.000,   118.835,     0.927,     0.616,     6.305,     0.000,     0.006,   190.762,   450.000
2012- 7- 4 20: 0: 0,     0.000,     0.000,     0.000,     0.000,   118.835,     0.927,     0.397,     6.245,     0.000,     0.000,   148.338,   424.000
2012- 7- 4 21: 0: 0,     0.000,     0.000,     0.000,     0.000,   118.835,     0.927,     0.250,     6.189,     0.000,     0.000,   117.658,   377.000
2012- 7- 4 22: 0: 0,     0.007,     0.000,     0.000,     0.000,   118.838,     0.927,     0.154,     6.137,     0.000,     0.004,    95.611,   330.000
2012- 7- 4 23: 0: 0,     0.000,     0.000,     0.000,     0.000,   118.838,     0.927,     0.093,     6.087,     0.000,     0.000,    80.071,   314.500
2012- 7- 5  0: 0: 0,     0.000,     0.038,     0.038,     0.036,   118.802,     0.927,     0.054,     6.039,     0.000,     0.000,    69.419,   299.000
2012- 7- 5  1: 0: 0,     0.000,     0.038,     0.038,     0.036,   118.767,     0.927,     0.031,     5.994,     0.000,     0.000,    62.375,   284.500
2012- 7- 5  2: 0: 0,     0.000,     0.038,     0.038,     0.036,   118.731,     0.926,     0.017,     5.950,     0.000,     0.000,    57.948,   270.000
2012- 7- 5  3: 0: 0,     0.000,     0.344,     0.344,     0.319,   118.412,     0.924,     0.010,     5.907,     0.000,     0.000,    55.398,   262.333
2012- 7- 5  4: 0: 0,     0.000,     0.344,     0.344,     0.318,   118.094,     0.921,     0.005,     5.865,     0.000,     0.000,    54.197,   254.667
2012- 7- 5  5: 0: 0,     0.000,     0.344,     0.344,     0.317,   117.777,     0.919,     0.003,     5.823,     0.000,     0.000,    53.973,   247.000
2012- 7- 5  6: 0: 0,     0.000,     0.527,     0.527,     0.484,   117.294,     0.915,     0.001,     5.780,     0.000,     0.000,    54.470,   240.333
2012- 7- 5  7: 0: 0,     0.001,     0.527,     0.527,     0.481,   116.812,     0.911,     0.001,     5.737,     0.000,     0.000,    55.509,   233.667
2012- 7- 5  8: 0: 0,     0.007,     0.527,     0.527,     0.473,   116.340,     0.907,     0.000,     5.693,     0.000,     0.000,    56.965,   227.000
2012- 7- 5  9: 0: 0,     0.000,     0.435,     0.435,     0.395,   115.945,     0.904,     0.000,     5.648,     0.000,     0.000,    58.748,   199.333
2012- 7- 5 10: 0: 0,     0.000,     0.435,     0.435,     0.393,   115.552,     0.901,     0.000,     5.601,     0.000,     0.000,    60.790,   171.667
2012- 7- 5 11: 0: 0,     0.003,     0.435,     0.435,     0.389,   115.163,     0.898,     0.000,     5.553,     0.000,     0.000,    63.045,   144.000
2012- 7- 5 12: 0: 0,     0.000,     0.114,     0.114,     0.102,   115.061,     0.897,     0.000,     5.503,     0.000,     0.000,    65.479,   143.000
2012- 7- 5 13: 0: 0,     0.000,     0.114,     0.114,     0.102,   114.959,     0.896,     0.000,     5.451,     0.000,     0.000,    68.068,   122.500
2012- 7- 5 14: 0: 0,     0.017,     0.114,     0.114,     0.087,   114.872,     0.896,     0.000,     5.396,     0.000,     0.000,    70.800,   102.000
2012- 7- 5 15: 0: 0,     0.000,     0.000,     0.000,     0.000,   114.872,     0.896,     0.000,     5.340,     0.000,     0.000,    73.667,   102.000
2012- 7- 5 16: 0: 0,     0.000,     0.000,     0.000,     0.000,   114.872,     0.896,     0.000,     5.282,     0.000,     0.000,    76.667,   102.000
2012- 7- 5 17: 0: 0,     0.000,     0.000,     0.000,     0.000,   114.872,     0.896,     0.000,     5.221,     0.000,     0.000,    79.801,   102.000
2012- 7- 5 18: 0: 0,     0.000,     0.000,     0.000,     0.000,   114.872,     0.896,     0.000,     5.157,     0.000,     0.000,    83.072,   102.000
2012- 7- 5 19: 0: 0,     0.000,     0.000,     0.000,     0.000,   114.872,     0.896,     0.000,     5.091,     0.000,     0.000,    86.482,   102.000
2012- 7- 5 20: 0: 0,     0.000,     0.000,     0.000,     0.000,   114.872,     0.896,     0.000,     5.022,     0.000,     0.000,    90.031,   102.000
2012- 7- 5 21: 0: 0,     0.000,     0.000,     0.000,     0.000,   114.872,     0.896,     0.000,     4.951,     0.000,     0.000,    93.715,   100.183
2012- 7- 5 22: 0: 0,     0.000,     0.000,     0.000,     0.000,   114.872,     0.896,     0.000,     4.876,     0.000,     0.000,    97.525,    98.367
2012- 7- 5 23: 0: 0,     0.000,     0.000,     0.000,     0.000,   114.872,     0.896,     0.000,     4.799,     0.000,     0.000,   101.447,    96.550
2012- 7- 6  0: 0: 0,     0.001,     0.042,     0.042,     0.037,   114.835,     0.895,     0.000,     4.718,     0.000,     0.000,   105.462,    94.733
2012- 7- 6  1: 0: 0,     0.000,     0.042,     0.042,     0.038,   114.797,     0.895,     0.000,     4.635,     0.000,     0.000,   109.541,    92.917
2012- 7- 6  2: 0: 0,     0.000,     0.042,     0.042,     0.038,   114.759,     0.895,     0.000,     4.548,     0.000,     0.000,   113.651,    91.100
2012- 7- 6  3: 0: 0,     0.000,     0.305,     0.305,     0.273,   114.486,     0.892,     0.000,     4.457,     0.000,     0.000,   117.757,    87.750
2012- 7- 6  4: 0: 0,     0.000,     0.305,     0.305,     0.272,   114.214,     0.890,     0.000,     4.364,     0.000,     0.000,   121.815,    84.400
2012- 7- 6  5: 0: 0,     0.000,     0.305,     0.305,     0.271,   113.943,     0.888,     0.000,     4.267,     0.000,     0.000,   125.779,    81.050
2012- 7- 6  6: 0: 0,     0.000,     0.601,     0.601,     0.534,   113.408,     0.884,     0.000,     4.167,     0.000,     0.000,   129.603,    77.700
2012- 7- 6  7: 0: 0,     0.000,     0.601,     0.601,     0.532,   112.877,     0.880,     0.000,     4.064,     0.000,     0.000,   133.236,    74.350
2012- 7- 6  8: 0: 0,     0.000,     0.601,     0.601,     0.529,   112.348,     0.875,     0.000,     3.958,     0.000,     0.000,   136.631,    71.000
2012- 7- 6  9: 0: 0,     0.000,     0.517,     0.517,     0.452,   111.895,     0.872,     0.000,     3.850,     0.000,     0.000,   139.742,    68.650
2012- 7- 6 10: 0: 0,     0.000,     0.517,     0.517,     0.451,   111.445,     0.868,     0.000,     3.739,     0.000,     0.000,   142.525,    66.300
2012- 7- 6 11: 0: 0,     0.000,     0.517,     0.517,     0.449,   110.996,     0.865,     0.000,     3.626,     0.000,     0.000,   144.942,    63.950
2012- 7- 6 12: 0: 0,     0.000,     0.156,     0.156,     0.134,   110.862,     0.864,     0.000,     3.511,     0.000,     0.000,   146.960,    61.600
2012- 7- 6 13: 0: 0,     0.000,     0.156,     0.156,     0.134,   110.727,     0.863,     0.000,     3.394,     0.000,     0.000,   148.549,    59.250
2012- 7- 6 14: 0: 0,     0.000,     0.156,     0.156,     0.134,   110.593,     0.862,     0.000,     3.276,     0.000,     0.000,   149.690,    56.900
2012- 7- 6 15: 0: 0,     0.000,     0.000,     0.000,     0.000,   110.593,     0.862,     0.000,     3.157,     0.000,     0.000,   150.367,    55.233
2012- 7- 6 16: 0: 0,     0.000,     0.000,     0.000,     0.000,   110.593,     0.862,     0.000,     3.038,     0.000,     0.000,   150.573,    53.567
2012- 7- 6 17: 0: 0,     0.000,     0.000,     0.000,     0.000,   110.592,     0.862,     0.000,     2.918,     0.000,     0.000,   150.306,    51.900
2012- 7- 6 18: 0: 0,     0.000,     0.000,     0.000,     0.000,   110.592,     0.862,     0.000,     2.799,     0.000,     0.000,   149.572,    50.233
2012- 7- 6 19: 0: 0,     0.000,     0.000,     0.000,     0.000,   110.592,     0.862,     0.000,     2.680,     0.000,     0.000,   148.383,    48.567
2012- 7- 6 20: 0: 0,     0.076,     0.000,     0.000,     0.000,   110.629,     0.862,     0.000,     2.573,     0.000,     0.040,   146.760,    46.900
2012- 7- 6 21: 0: 0,     0.319,     0.003,     0.003,     0.003,   110.779,     0.863,     0.000,     2.497,     0.000,     0.165,   144.732,    45.733
2012- 7- 6 22: 0: 0,     0.507,     0.003,     0.003,     0.003,   111.000,     0.865,     0.001,     2.453,     0.002,     0.281,   142.352,    44.567
2012- 7- 6 23: 0: 0,     1.162,     0.003,     0.003,     0.003,   111.517,     0.869,     0.011,     2.496,     0.016,     0.626,   139.635,    43.400
2012- 7- 7  0: 0: 0,     2.982,     0.021,     0.021,     0.021,   112.796,     0.879,     0.097,     2.770,     0.144,     1.539,   136.793,    42.233
2012- 7- 7  1: 0: 0,     3.057,     0.021,     0.021,     0.021,   114.031,     0.888,     0.377,     2.995,     0.467,     1.334,   134.233,    41.067
2012- 7- 7  2: 0: 0,     5.156,     0.021,     0.021,     0.021,   115.943,     0.904,     1.229,     3.339,     1.420,     1.803,   131.883,    39.900
2012- 7- 7  3: 0: 0,     1.694,     0.036,     0.036,     0.035,   116.525,     0.909,     1.242,     3.497,     0.026,     1.050,   131.546,    38.483
2012- 7- 7  4: 0: 0,     2.622,     0.036,     0.036,     0.036,   117.391,     0.915,     1.327,     3.787,     0.153,     1.568,   135.893,    37.067
2012- 7- 7  5: 0: 0,     3.321,     0.036,     0.036,     0.036,   118.442,     0.924,     1.486,     4.171,     0.299,     1.934,   145.013,    35.650
2012- 7- 7  6: 0: 0,     1.962,     0.170,     0.170,     0.170,   118.969,     0.928,     1.497,     4.367,     0.092,     1.173,   174.748,    34.233
2012- 7- 7  7: 0: 0,     1.230,     0.170,     0.170,     0.159,   119.233,     0.930,     1.395,     4.470,     0.008,     0.791,   199.566,    32.817
2012- 7- 7  8: 0: 0,     0.234,     0.170,     0.170,     0.132,   119.219,     0.930,     1.235,     4.399,     0.000,     0.084,   212.811,    31.400
2012- 7- 7  9: 0: 0,     0.278,     0.161,     0.161,     0.138,   119.231,     0.930,     1.043,     4.337,     0.001,     0.110,   215.534,    30.317
2012- 7- 7 10: 0: 0,     1.276,     0.161,     0.161,     0.153,   119.533,     0.932,     0.843,     4.453,     0.009,     0.806,   207.670,    29.233
2012- 7- 7 11: 0: 0,     3.184,     0.161,     0.161,     0.158,   120.348,     0.938,     0.830,     4.845,     0.309,     1.899,   190.835,    28.150
2012- 7- 7 12: 0: 0,     0.929,     0.054,     0.054,     0.054,   120.582,     0.940,     0.662,     4.924,     0.012,     0.629,   169.121,    27.067
2012- 7- 7 13: 0: 0,     0.162,     0.054,     0.054,     0.053,   120.617,     0.940,     0.519,     4.867,     0.000,     0.072,   146.855,    25.983
2012- 7- 7 14: 0: 0,     0.115,     0.054,     0.054,     0.046,   120.629,     0.940,     0.411,     4.807,     0.000,     0.049,   130.512,    24.900
2012- 7- 7 15: 0: 0,     0.318,     0.000,     0.000,     0.000,   120.695,     0.941,     0.327,     4.801,     0.000,     0.250,   120.315,    24.900
2012- 7- 7 16: 0: 0,     0.154,     0.000,     0.000,     0.000,   120.730,     0.941,     0.253,     4.766,     0.000,     0.118,   111.466,    24.900
2012- 7- 7 17: 0: 0,     0.553,     0.000,     0.000,     0.000,   120.833,     0.942,     0.189,     4.816,     0.001,     0.449,   101.775,    24.900
2012- 7- 7 18: 0: 0,     0.264,     0.000,     0.000,     0.000,   120.885,     0.942,     0.135,     4.811,     0.001,     0.211,    91.448,    24.900
2012- 7- 7 19: 0: 0,     0.011,     0.000,     0.000,     0.000,   120.887,     0.942,     0.092,     4.758,     0.000,     0.008,    81.503,    24.900
2012- 7- 7 20: 0: 0,     0.012,     0.000,     0.000,     0.000,   120.891,     0.942,     0.061,     4.708,     0.000,     0.008,    72.712,    24.900
2012- 7- 7 21: 0: 0,     0.053,     0.000,     0.000,     0.000,   120.904,     0.942,     0.039,     4.669,     0.000,     0.040,    65.325,    24.900
2012- 7- 7 22: 0: 0,     0.150,     0.000,     0.000,     0.000,   120.936,     0.943,     0.025,     4.653,     0.000,     0.117,    59.311,    24.900
2012- 7- 7 23: 0: 0,     0.042,     0.000,     0.000,     0.000,   120.947,     0.943,     0.015,     4.617,     0.000,     0.031,    54.459,    24.900
2012- 7- 8  0: 0: 0,     0.061,     0.040,     0.040,     0.037,   120.942,     0.943,     0.009,     4.583,     0.000,     0.027,    50.530,    24.900
2012- 7- 8  1: 0: 0,     0.077,     0.040,     0.040,     0.035,   120.943,     0.943,     0.006,     4.553,     0.000,     0.036,    47.325,    24.900
2012- 7- 8  2: 0: 0,     0.008,     0.040,     0.040,     0.034,   120.912,     0.943,     0.004,     4.517,     0.000,     0.001,    44.695,    24.900
2012- 7- 8  3: 0: 0,     0.000,     0.203,     0.203,     0.192,   120.720,     0.941,     0.002,     4.482,     0.000,     0.000,    42.535,    24.900
2012- 7- 8  4: 0: 0,     0.005,     0.203,     0.203,     0.187,   120.533,     0.940,     0.002,     4.448,     0.000,     0.000,    40.770,    24.900
2012- 7- 8  5: 0: 0,     0.000,     0.203,     0.203,     0.192,   120.341,     0.938,     0.001,     4.416,     0.000,     0.000,    39.360,    24.900
2012- 7- 8  6: 0: 0,     0.001,     0.273,     0.273,     0.255,   120.086,     0.936,     0.001,     4.385,     0.000,     0.000,    38.280,    24.900
2012- 7- 8  7: 0: 0,     0.001,     0.273,     0.273,     0.255,   119.831,     0.934,     0.000,     4.354,     0.000,     0.000,    37.520,    24.900
2012- 7- 8  8: 0: 0,     0.000,     0.273,     0.273,     0.255,   119.576,     0.932,     0.000,     4.324,     0.000,     0.000,    37.079,    24.900
2012- 7- 8  9: 0: 0,     0.005,     0.204,     0.204,     0.186,   119.390,     0.930,     0.000,     4.295,     0.000,     0.000,    36.962,    28.800
2012- 7- 8 10: 0: 0,     0.015,     0.204,     0.204,     0.177,   119.214,     0.929,     0.000,     4.265,     0.000,     0.000,    37.177,    32.700
2012- 7- 8 11: 0: 0,     0.000,     0.204,     0.204,     0.189,   119.025,     0.927,     0.000,     4.236,     0.000,     0.000,    37.731,    36.600
2012- 7- 8 12: 0: 0,     0.000,     0.085,     0.085,     0.079,   118.946,     0.927,     0.000,     4.206,     0.000,     0.000,    38.629,    36.600
2012- 7- 8 13: 0: 0,     0.000,     0.085,     0.085,     0.079,   118.868,     0.926,     0.000,     4.175,     0.000,     0.000,    39.876,    36.600
2012- 7- 8 14: 0: 0,     0.015,     0.085,     0.085,     0.075,   118.801,     0.926,     0.000,     4.144,     0.000,     0.002,    41.476,    36.600
2012- 7- 8 15: 0: 0,     0.184,     0.004,     0.004,     0.003,   118.865,     0.926,     0.000,     4.140,     0.001,     0.116,    43.740,    36.233
2012- 7- 8 16: 0: 0,     1.798,     0.004,     0.004,     0.004,   119.388,     0.930,     0.099,     4.381,     0.165,     1.106,    46.425,    35.867
2012- 7- 8 17: 0: 0,     0.169,     0.004,     0.004,     0.004,   119.441,     0.931,     0.099,     4.372,     0.000,     0.112,    49.302,    35.500
2012- 7- 8 18: 0: 0,     0.066,     0.002,     0.002,     0.002,   119.461,     0.931,     0.099,     4.344,     0.000,     0.045,    52.465,    35.133
2012- 7- 8 19: 0: 0,     0.028,     0.002,     0.002,     0.002,   119.468,     0.931,     0.099,     4.307,     0.000,     0.019,    55.841,    34.767
2012- 7- 8 20: 0: 0,     0.034,     0.002,     0.002,     0.002,   119.478,     0.931,     0.099,     4.268,     0.000,     0.022,    63.398,    34.400
2012- 7- 8 21: 0: 0,     0.009,     0.005,     0.005,     0.004,   119.477,     0.931,     0.091,     4.222,     0.000,     0.005,    71.094,    34.233
2012- 7- 8 22: 0: 0,     0.004,     0.005,     0.005,     0.004,   119.474,     0.931,     0.076,     4.173,     0.000,     0.002,    76.539,    34.067
2012- 7- 8 23: 0: 0,     0.000,     0.005,     0.005,     0.005,   119.470,     0.931,     0.058,     4.119,     0.000,     0.000,    79.878,    33.900
2012- 7- 9  0: 0: 0,     0.005,     0.041,     0.041,     0.037,   119.435,     0.931,     0.041,     4.063,     0.000,     0.001,    82.142,    33.733
2012- 7- 9  1: 0: 0,     0.000,     0.041,     0.041,     0.039,   119.396,     0.930,     0.027,     4.004,     0.000,     0.000,    84.216,    33.567
2012- 7- 9  2: 0: 0,     0.001,     0.041,     0.041,     0.038,   119.358,     0.930,     0.017,     3.941,     0.000,     0.000,    86.555,    33.400
2012- 7- 9  3: 0: 0,     0.000,     0.329,     0.329,     0.306,   119.053,     0.928,     0.010,     3.875,     0.000,     0.000,    89.274,    31.550
2012- 7- 9  4: 0: 0,     0.000,     0.329,     0.329,     0.305,   118.748,     0.925,     0.006,     3.806,     0.000,     0.000,    92.303,    29.700
2012- 7- 9  5: 0: 0,     0.000,     0.329,     0.329,     0.304,   118.444,     0.923,     0.003,     3.733,     0.000,     0.000,    95.506,    27.850
2012- 7- 9  6: 0: 0,     0.002,     0.565,     0.565,     0.519,   117.925,     0.919,     0.002,     3.658,     0.000,     0.000,    98.742,    26.000
2012- 7- 9  7: 0: 0,     0.001,     0.565,     0.565,     0.517,   117.408,     0.915,     0.001,     3.580,     0.000,     0.000,   101.891,    24.150
2012- 7- 9  8: 0: 0,     0.000,     0.565,     0.565,     0.516,   116.892,     0.911,     0.001,     3.499,     0.000,     0.000,   104.860,    22.300
2012- 7- 9  9: 0: 0,     0.002,     0.252,     0.252,     0.228,   116.664,     0.909,     0.000,     3.416,     0.000,     0.000,   107.579,     0.000
2012- 7- 9 10: 0: 0,     0.000,     0.252,     0.252,     0.229,   116.435,     0.907,     0.000,     3.331,     0.000,     0.000,   109.998,     0.000
2012- 7- 9 11: 0: 0,     0.000,     0.252,     0.252,     0.228,   116.207,     0.905,     0.000,     3.244,     0.000,     0.000,   112.080,     0.000
2012- 7- 9 12: 0: 0,     0.001,     0.098,     0.098,     0.088,   116.119,     0.904,     0.000,     3.155,     0.000,     0.000,   113.801,     0.000
2012- 7- 9 13: 0: 0,     0.000,     0.098,     0.098,     0.088,   116.031,     0.904,     0.000,     3.064,     0.000,     0.000,   115.146,     0.000
2012- 7- 9 14: 0: 0,     0.011,     0.098,     0.098,     0.078,   115.953,     0.903,     0.000,     2.973,     0.000,     0.000,   116.105,     0.000
2012- 7- 9 15: 0: 0,     0.000,     0.002,     0.002,     0.002,   115.951,     0.903,     0.000,     2.881,     0.000,     0.000,   116.680,     0.000
2012- 7- 9 16: 0: 0,     0.000,     0.002,     0.002,     0.002,   115.949,     0.903,     0.000,     2.788,     0.000,     0.000,   116.874,     0.000
2012- 7- 9 17: 0: 0,     0.128,     0.002,     0.002,     0.002,   115.995,     0.903,     0.000,     2.715,     0.000,     0.080,   116.735,     0.000
2012- 7- 9 18: 0: 0,     1.789,     0.005,     0.005,     0.005,   116.657,     0.909,     0.025,     2.893,     0.042,     1.081,   116.707,     0.000
2012- 7- 9 19: 0: 0,     3.680,     0.005,     0.005,     0.005,   117.992,     0.919,     0.160,     3.329,     0.225,     2.115,   120.345,     0.000
2012- 7- 9 20: 0: 0,     0.581,     0.005,     0.005,     0.005,   118.182,     0.921,     0.159,     3.330,     0.002,     0.384,   122.695,     0.000
